رقم السورة,السورة,English Name,البيان,الصفحة
1,سُورَةُ الْفَاتِحَةِ,Al-Fatihah,مَكِّيَّةٌ,1
2,سُورَةُ الْبَقَرَةِ,Al-Baqarah,مَدَنِيَّةٌ,2
3,سُورَةُ آلِ عِمْرَانَ,Al-Imran,مَدَنِيَّةٌ,50
4,سُورَةُ النِّسَاءِ,An-Nisa,مَدَنِيَّةٌ,77
5,سُورَةُ الْمَائِدَةِ,Al-Ma'idah,مَدَنِيَّةٌ,106
6,سُورَةُ الْأَنْعَامِ,Al-An'am,مَكِّيَّةٌ,128
7,سُورَةُ الْأَعْرَافِ,Al-A'raf,مَكِّيَّةٌ,151
8,سُورَةُ الْأَنْفَالِ,Al-Anfal,مَدَنِيَّةٌ,177
9,سُورَةُ التَّوْبَةِ,At-Tawbah,مَدَنِيَّةٌ,187
10,سُورَةُ يُونُسَ,Yunus,مَكِّيَّةٌ,208
11,سُورَةُ هُودٍ,Hud,مَكِّيَّةٌ,221
12,سُورَةُ يُوسُفَ,Yusuf,مَكِّيَّةٌ,235
13,سُورَةُ الرَّعْدِ,Ar-Ra'd,مَدَنِيَّةٌ,249
14,سُورَةُ إِبْرَاهِيمَ,Ibrahim,مَكِّيَّةٌ,255
15,سُورَةُ الْحِجْرِ,Al-Hijr,مَكِّيَّةٌ,262
16,سُورَةُ النَّحْلِ,An-Nahl,مَكِّيَّةٌ,267
17,سُورَةُ الْإِسْرَاءِ,Al-Isra,مَكِّيَّةٌ,282
18,سُورَةُ الْكَهْفِ,Al-Kahf,مَكِّيَّةٌ,293
19,سُورَةُ مَرْيَمَ,Maryam,مَكِّيَّةٌ,305
20,سُورَةُ طه,Taha,مَكِّيَّةٌ,312
21,سُورَةُ الْأَنْبِيَاءِ,Al-Anbiya,مَكِّيَّةٌ,322
22,سُورَةُ الْحَجِّ,Al-Hajj,مَدَنِيَّةٌ,332
23,سُورَةُ الْمُؤْمِنُونَ,Al-Mu'minun,مَكِّيَّةٌ,342
24,سُورَةُ النُّورِ,An-Nur,مَدَنِيَّةٌ,350
25,سُورَةُ الْفُرْقَانِ,Al-Furqan,مَكِّيَّةٌ,359
26,سُورَةُ الشُّعَرَاءِ,Ash-Shu'ara,مَكِّيَّةٌ,367
27,سُورَةُ النَّمْلِ,An-Naml,مَكِّيَّةٌ,377
28,سُورَةُ الْقَصَصِ,Al-Qasas,مَكِّيَّةٌ,385
29,سُورَةُ الْعَنْكَبُوتِ,Al-Ankabut,مَكِّيَّةٌ,396
30,سُورَةُ الرُّومِ,Ar-Rum,مَكِّيَّةٌ,404
31,سُورَةُ لُقْمَانَ,Luqman,مَكِّيَّةٌ,411
32,سُورَةُ السَّجْدَةِ,As-Sajdah,مَكِّيَّةٌ,415
33,سُورَةُ الْأَحْزَابِ,Al-Ahzab,مَدَنِيَّةٌ,418
34,سُورَةُ سَبَإٍ,Saba,مَكِّيَّةٌ,428
35,سُورَةُ فَاطِرٍ,Fatir,مَكِّيَّةٌ,434
36,سُورَةُ يس,Ya-Sin,مَكِّيَّةٌ,440
37,سُورَةُ الصَّافَّاتِ,As-Saffat,مَكِّيَّةٌ,446
38,سُورَةُ ص,Sad,مَكِّيَّةٌ,453
39,سُورَةُ الزُّمَرِ,Az-Zumar,مَكِّيَّةٌ,458
40,سُورَةُ غَافِرٍ,Ghafir,مَكِّيَّةٌ,467
41,سُورَةُ فُصِّلَتْ,Fussilat,مَكِّيَّةٌ,477
42,سُورَةُ الشُّورَى,Ash-Shura,مَكِّيَّةٌ,483
43,سُورَةُ الزُّخْرُفِ,Az-Zukhruf,مَكِّيَّةٌ,489
44,سُورَةُ الدُّخَانِ,Ad-Dukhan,مَكِّيَّةٌ,496
45,سُورَةُ الْجَاثِيَةِ,Al-Jathiyah,مَكِّيَّةٌ,499
46,سُورَةُ الْأَحْقَافِ,Al-Ahqaf,مَكِّيَّةٌ,502
47,سُورَةُ مُحَمَّدٍ,Muhammad,مَدَنِيَّةٌ,507
48,سُورَةُ الْفَتْحِ,Al-Fath,مَدَنِيَّةٌ,511
49,سُورَةُ الْحُجُرَاتِ,Al-Hujurat,مَدَنِيَّةٌ,515
50,سُورَةُ ق,Qaf,مَكِّيَّةٌ,518
51,سُورَةُ الذَّارِيَاتِ,Adh-Dhariyat,مَكِّيَّةٌ,520
52,سُورَةُ الطُّورِ,At-Tur,مَكِّيَّةٌ,523
53,سُورَةُ النَّجْمِ,An-Najm,مَكِّيَّةٌ,526
54,سُورَةُ الْقَمَرِ,Al-Qamar,مَكِّيَّةٌ,528
55,سُورَةُ الرَّحْمَنِ,Ar-Rahman,مَدَنِيَّةٌ,531
56,سُورَةُ الْوَاقِعَةِ,Al-Waqi'ah,مَكِّيَّةٌ,534
57,سُورَةُ الْحَدِيدِ,Al-Hadid,مَدَنِيَّةٌ,537
58,سُورَةُ الْمُجَادَلَةِ,Al-Mujadilah,مَدَنِيَّةٌ,542
59,سُورَةُ الْحَشْرِ,Al-Hashr,مَدَنِيَّةٌ,545
60,سُورَةُ الْمُمْتَحَنَةِ,Al-Mumtahanah,مَدَنِيَّةٌ,549
61,سُورَةُ الصَّفِّ,As-Saff,مَدَنِيَّةٌ,551
62,سُورَةُ الْجُمُعَةِ,Al-Jumu'ah,مَدَنِيَّةٌ,553
63,سُورَةُ الْمُنَافِقُونَ,Al-Munafiqun,مَدَنِيَّةٌ,554
64,سُورَةُ التَّغَابُنِ,At-Taghabun,مَدَنِيَّةٌ,556
65,سُورَةُ الطَّلَاقِ,At-Talaq,مَدَنِيَّةٌ,558
66,سُورَةُ التَّحْرِيمِ,At-Tahrim,مَدَنِيَّةٌ,560
67,سُورَةُ الْمُلْكِ,Al-Mulk,مَكِّيَّةٌ,562
68,سُورَةُ الْقَلَمِ,Al-Qalam,مَكِّيَّةٌ,564
69,سُورَةُ الْحَاقَّةِ,Al-Haqqah,مَكِّيَّةٌ,566
70,سُورَةُ الْمَعَارِجِ,Al-Ma'arij,مَكِّيَّةٌ,568
71,سُورَةُ نُوحٍ,Nuh,مَكِّيَّةٌ,570
72,سُورَةُ الْجِنِّ,Al-Jinn,مَكِّيَّةٌ,572
73,سُورَةُ الْمُزَّمِّلِ,Al-Muzzammil,مَكِّيَّةٌ,574
74,سُورَةُ الْمُدَّثِّرِ,Al-Muddathir,مَكِّيَّةٌ,575
75,سُورَةُ الْقِيَامَةِ,Al-Qiyamah,مَكِّيَّةٌ,577
76,سُورَةُ الْإِنْسَانِ,Al-Insan,مَدَنِيَّةٌ,578
77,سُورَةُ الْمُرْسَلَاتِ,Al-Mursalat,مَكِّيَّةٌ,580
78,سُورَةُ النَّبَإِ,An-Naba,مَكِّيَّةٌ,582
79,سُورَةُ النَّازِعَاتِ,An-Nazi'at,مَكِّيَّةٌ,583
80,سُورَةُ عَبَسَ,Abasa,مَكِّيَّةٌ,585
81,سُورَةُ التَّكْوِيرِ,At-Takwir,مَكِّيَّةٌ,586
82,سُورَةُ الِانْفِطَارِ,Al-Infitar,مَكِّيَّةٌ,587
83,سُورَةُ الْمُطَفِّفِينَ,Al-Mutaffifin,مَكِّيَّةٌ,587
84,سُورَةُ الِانْشِقَاقِ,Al-Inshiqaq,مَكِّيَّةٌ,589
85,سُورَةُ الْبُرُوجِ,Al-Buruj,مَكِّيَّةٌ,590
86,سُورَةُ الطَّارِقِ,At-Tariq,مَكِّيَّةٌ,591
87,سُورَةُ الْأَعْلَى,Al-A'la,مَكِّيَّةٌ,591
88,سُورَةُ الْغَاشِيَةِ,Al-Ghashiyah,مَكِّيَّةٌ,592
89,سُورَةُ الْفَجْرِ,Al-Fajr,مَكِّيَّةٌ,593
90,سُورَةُ الْبَلَدِ,Al-Balad,مَكِّيَّةٌ,594
91,سُورَةُ الشَّمْسِ,Ash-Shams,مَكِّيَّةٌ,595
92,سُورَةُ اللَّيْلِ,Al-Layl,مَكِّيَّةٌ,595
93,سُورَةُ الضُّحَى,Ad-Duha,مَكِّيَّةٌ,596
94,سُورَةُ الشَّرْحِ,Ash-Sharh,مَكِّيَّةٌ,596
95,سُورَةُ التِّينِ,At-Tin,مَكِّيَّةٌ,597
96,سُورَةُ الْعَلَقِ,Al-Alaq,مَكِّيَّةٌ,597
97,سُورَةُ الْقَدْرِ,Al-Qadr,مَكِّيَّةٌ,598
98,سُورَةُ الْبَيِّنَةِ,Al-Bayyinah,مَدَنِيَّةٌ,598
99,سُورَةُ الزَّلْزَلَةِ,Az-Zalzalah,مَدَنِيَّةٌ,599
100,سُورَةُ الْعَادِيَاتِ,Al-Adiyat,مَكِّيَّةٌ,599
101,سُورَةُ الْقَارِعَةِ,Al-Qari'ah,مَكِّيَّةٌ,600
102,سُورَةُ التَّكَاثُرِ,At-Takathur,مَكِّيَّةٌ,600
103,سُورَةُ الْعَصْرِ,Al-Asr,مَكِّيَّةٌ,601
104,سُورَةُ الْهُمَزَةِ,Al-Humazah,مَكِّيَّةٌ,601
105,سُورَةُ الْفِيلِ,Al-Fil,مَكِّيَّةٌ,601
106,سُورَةُ قُرَيْشٍ,Quraysh,مَكِّيَّةٌ,602
107,سُورَةُ الْمَاعُونِ,Al-Ma'un,مَكِّيَّةٌ,602
108,سُورَةُ الْكَوْثَرِ,Al-Kawthar,مَكِّيَّةٌ,602
109,سُورَةُ الْكَافِرُونَ,Al-Kafirun,مَكِّيَّةٌ,603
110,سُورَةُ النَّصْرِ,An-Nasr,مَدَنِيَّةٌ,603
111,سُورَةُ الْمَسَدِ,Al-Masad,مَكِّيَّةٌ,603
112,سُورَةُ الْإِخْلَاصِ,Al-Ikhlas,مَكِّيَّةٌ,604
113,سُورَةُ الْفَلَقِ,Al-Falaq,مَكِّيَّةٌ,604
114,سُورَةُ النَّاسِ,An-Nas,مَكِّيَّةٌ,604
